"Tract","NAME","TotHH","TotPerson","Age18to34","Age35to49","Age50to64","Age65plus","AgeUnder18","Adult18plus","CompMOS","nBGs"
"26163500100","Census Tract 5001; Wayne County; Michigan",1492,3996,1087,701,672,292,1244,2752,12.3839412402052,2
"26163500200","Census Tract 5002; Wayne County; Michigan",1076,3037,749,554,496,289,949,2088,9.40612481262801,2
"26163500300","Census Tract 5003; Wayne County; Michigan",917,2149,598,375,354,137,685,1464,6.59038715643415,2
"26163500400","Census Tract 5004; Wayne County; Michigan",406,751,143,166,146,96,200,551,2.48804405243725,3
"26163500500","Census Tract 5005; Wayne County; Michigan",644,1507,402,236,268,170,431,1076,4.82042715093265,2
"26163500600","Census Tract 5006; Wayne County; Michigan",1178,2692,706,454,474,226,832,1860,8.35568750893417,4
"26163500700","Census Tract 5007; Wayne County; Michigan",1679,4109,1008,778,702,291,1330,2779,12.5348617132555,4
"26163500800","Census Tract 5008; Wayne County; Michigan",1009,2569,636,483,471,194,785,1784,8.03500289810714,2
"26163500900","Census Tract 5009; Wayne County; Michigan",1540,3706,940,679,647,307,1133,2573,11.584860738928,2
"26163501000","Census Tract 5010; Wayne County; Michigan",1163,2945,752,497,521,259,916,2029,9.11447279956538,2
"26163501100","Census Tract 5011; Wayne County; Michigan",1345,3328,850,573,514,350,1041,2287,10.290300694127,4
"26163501200","Census Tract 5012; Wayne County; Michigan",766,1609,393,273,296,140,507,1102,4.94943022820217,1
"26163501300","Census Tract 5013; Wayne County; Michigan",1308,3078,802,536,491,346,903,2175,9.78112990580761,3
"26163501400","Census Tract 5014; Wayne County; Michigan",1505,3624,867,686,684,448,939,2685,12.071255561907,3
"26163501500","Census Tract 5015; Wayne County; Michigan",1578,4056,1027,823,701,342,1163,2893,13.0590225082346,3
"26163501600","Census Tract 5016; Wayne County; Michigan",907,1955,484,338,413,232,488,1467,6.57121756935442,2
"26163501700","Census Tract 5017; Wayne County; Michigan",1045,2218,481,401,465,418,453,1765,7.90314099153854,2
"26163501800","Census Tract 5018; Wayne County; Michigan",1896,4117,979,759,852,612,915,3202,14.3574438945564,2
"26163501900","Census Tract 5019; Wayne County; Michigan",1112,2490,591,475,441,213,770,1720,7.75245742656294,2
"26163502000","Census Tract 5020; Wayne County; Michigan",766,1858,437,357,346,149,569,1289,5.8079780680262,1
"26163502600","Census Tract 5026; Wayne County; Michigan",1546,3321,747,563,514,494,1003,2318,10.4165485828634,6
"26163502700","Census Tract 5027; Wayne County; Michigan",1278,2359,506,429,560,357,507,1852,8.28711022136154,4
"26163503100","Census Tract 5031; Wayne County; Michigan",1122,2996,708,506,611,396,775,2221,9.94657067056723,2
"26163503200","Census Tract 5032; Wayne County; Michigan",1202,3002,783,572,498,215,934,2068,9.32901212025955,2
"26163503300","Census Tract 5033; Wayne County; Michigan",1360,3407,805,644,547,312,1099,2308,10.4128471722225,2
"26163503400","Census Tract 5034; Wayne County; Michigan",494,886,203,178,190,102,213,673,3.02565852608225,1
"26163503500","Census Tract 5035; Wayne County; Michigan",1239,2709,681,510,473,273,772,1937,8.72147198359724,3
"26163503600","Census Tract 5036; Wayne County; Michigan",643,1476,377,273,238,192,396,1080,4.86028700715389,1
"26163503900","Census Tract 5039; Wayne County; Michigan",826,1730,433,287,298,247,465,1265,5.67275275903994,1
"26163504000","Census Tract 5040; Wayne County; Michigan",469,1093,249,215,168,140,321,772,3.48395407014634,2
"26163504100","Census Tract 5041; Wayne County; Michigan",611,1173,266,208,250,171,278,895,4.00896421955772,2
"26163504200","Census Tract 5042; Wayne County; Michigan",875,1644,390,293,312,223,426,1218,5.46604687507775,1
"26163504300","Census Tract 5043; Wayne County; Michigan",912,1834,428,342,353,279,432,1402,6.29419736980899,3
"26163504400","Census Tract 5044; Wayne County; Michigan",715,1416,313,283,278,171,371,1045,4.70378137091111,3
"26163505100","Census Tract 5051; Wayne County; Michigan",1441,2888,692,495,637,429,635,2253,10.0768538024729,3
"26163505200","Census Tract 5052; Wayne County; Michigan",1340,2943,731,506,548,419,739,2204,9.88171976621976,2
"26163505400","Census Tract 5054; Wayne County; Michigan",900,1927,459,352,351,255,510,1417,6.36677788392864,2
"26163505600","Census Tract 5056; Wayne County; Michigan",1794,4078,980,706,806,500,1086,2992,13.4156007833423,3
"26163505700","Census Tract 5057; Wayne County; Michigan",1635,2936,611,540,631,517,637,2299,10.2992797001645,5
"26163505800","Census Tract 5058; Wayne County; Michigan",1199,3337,857,555,470,339,1116,2221,9.99795392957866,4
"26163506100","Census Tract 5061; Wayne County; Michigan",744,1875,507,319,336,217,496,1379,6.18714251156559,1
"26163506200","Census Tract 5062; Wayne County; Michigan",778,1814,447,323,333,250,461,1353,6.07306683041933,1
"26163506300","Census Tract 5063; Wayne County; Michigan",826,1860,444,332,344,241,499,1361,6.11117962163283,2
"26163506400","Census Tract 5064; Wayne County; Michigan",342,842,206,179,209,103,145,697,3.12890443240342,2
"26163506500","Census Tract 5065; Wayne County; Michigan",932,1963,423,362,408,266,504,1459,6.54670054527367,2
"26163506600","Census Tract 5066; Wayne County; Michigan",1257,2713,629,468,529,344,743,1970,8.83430632253291,2
"26163506700","Census Tract 5067; Wayne County; Michigan",457,1023,207,184,223,156,253,770,3.44964882009693,1
"26163506800","Census Tract 5068; Wayne County; Michigan",1637,3904,924,701,748,533,998,2906,13.0415554487675,3
"26163506900","Census Tract 5069; Wayne County; Michigan",1459,3579,850,633,579,489,1028,2551,11.4699459213446,3
"26163507000","Census Tract 5070; Wayne County; Michigan",1183,2720,634,467,449,336,834,1886,8.47677733046855,2
"26163507100","Census Tract 5071; Wayne County; Michigan",1060,2266,513,389,472,316,576,1690,7.56851351736615,2
"26163507200","Census Tract 5072; Wayne County; Michigan",519,1003,231,188,185,146,253,750,3.37032671512915,1
"26163507300","Census Tract 5073; Wayne County; Michigan",1086,2285,517,362,438,370,598,1687,7.54615967567027,2
"26163507400","Census Tract 5074; Wayne County; Michigan",1206,2488,590,438,519,344,597,1891,8.47204740560622,2
"26163507500","Census Tract 5075; Wayne County; Michigan",1072,2221,474,377,419,411,540,1681,7.52843015790344,2
"26163508000","Census Tract 5080; Wayne County; Michigan",629,1098,270,210,270,85,263,835,3.74438606634077,2
"26163508100","Census Tract 5081; Wayne County; Michigan",679,1271,277,252,259,175,308,963,4.32921983127245,2
"26163509000","Census Tract 5090; Wayne County; Michigan",1090,1975,456,391,401,263,464,1511,6.79215660877769,4
"26163509100","Census Tract 5091; Wayne County; Michigan",1440,4563,1293,771,778,372,1349,3214,14.4400540564108,5
"26163510600","Census Tract 5106; Wayne County; Michigan",1636,5499,1424,968,815,454,1838,3661,16.5028182964817,3
"26163511200","Census Tract 5112; Wayne County; Michigan",736,1188,351,227,199,163,248,940,4.22683412944201,2
"26163511300","Census Tract 5113; Wayne County; Michigan",822,2231,582,375,324,230,720,1511,6.79987600816977,2
"26163511400","Census Tract 5114; Wayne County; Michigan",1303,2005,508,330,436,401,330,1675,7.47677498080883,3
"26163511900","Census Tract 5119; Wayne County; Michigan",1234,1559,499,272,397,152,239,1320,5.89526161564478,2
"26163512800","Census Tract 5128; Wayne County; Michigan",1357,2415,529,427,564,299,596,1819,8.14184051529276,3
"26163513200","Census Tract 5132; Wayne County; Michigan",915,1504,326,302,338,217,321,1183,5.31095003761622,2
"26163513300","Census Tract 5133; Wayne County; Michigan",1080,1971,404,354,455,456,302,1669,7.45586178253727,2
"26163513700","Census Tract 5137; Wayne County; Michigan",1479,2982,580,457,609,661,675,2307,10.2928211387868,3
"26163513800","Census Tract 5138; Wayne County; Michigan",1636,2367,718,360,534,333,422,1945,8.67161755893194,2
"26163513900","Census Tract 5139; Wayne County; Michigan",905,1556,380,238,325,222,391,1165,5.20283272756706,2
"26163514100","Census Tract 5141; Wayne County; Michigan",1021,1732,389,285,373,257,428,1304,5.83044816087287,2
"26163514200","Census Tract 5142; Wayne County; Michigan",1108,1828,368,286,423,408,343,1485,6.61666253540552,2
"26163514300","Census Tract 5143; Wayne County; Michigan",1040,2163,390,331,518,487,437,1726,7.68448068500799,2
"26163514500","Census Tract 5145; Wayne County; Michigan",467,861,206,134,186,128,207,654,2.92013072706868,1
"26163515200","Census Tract 5152; Wayne County; Michigan",664,1315,258,205,316,341,195,1120,4.98434441154538,2
"26163515300","Census Tract 5153; Wayne County; Michigan",1906,2708,703,418,713,605,269,2439,10.8421655619808,2
"26163515400","Census Tract 5154; Wayne County; Michigan",725,1358,330,302,237,259,230,1128,5.08392699165387,2
"26163515700","Census Tract 5157; Wayne County; Michigan",3906,4618,1048,578,1168,1623,201,4417,19.5490854431062,3
"26163516000","Census Tract 5160; Wayne County; Michigan",1080,2235,537,386,465,334,513,1722,7.70923778826098,2
"26163516400","Census Tract 5164; Wayne County; Michigan",739,1097,351,238,255,134,119,978,4.39143369490028,1
"26163516500","Census Tract 5165; Wayne County; Michigan",1928,2560,965,504,522,450,119,2441,10.9333544559322,2
"26163516600","Census Tract 5166; Wayne County; Michigan",1436,2377,638,319,377,345,698,1679,7.50232575224933,3
"26163516700","Census Tract 5167; Wayne County; Michigan",1881,3218,699,502,712,691,614,2604,11.6092240366281,3
"26163516800","Census Tract 5168; Wayne County; Michigan",405,569,121,97,164,92,95,474,2.11111763393768,1
"26163516900","Census Tract 5169; Wayne County; Michigan",1584,2111,256,221,608,863,163,1948,8.58223964878971,2
"26163517000","Census Tract 5170; Wayne County; Michigan",2430,2978,1280,485,474,613,126,2852,12.7454687117097,2
"26163517100","Census Tract 5171; Wayne County; Michigan",1155,1552,541,223,324,391,73,1479,6.57866316508174,1
"26163517200","Census Tract 5172; Wayne County; Michigan",941,1758,672,417,417,144,108,1650,7.42218196315689,2
"26163517300","Census Tract 5173; Wayne County; Michigan",1333,2131,699,428,302,254,448,1683,7.58959571439391,2
"26163517500","Census Tract 5175; Wayne County; Michigan",2126,2856,780,344,655,749,328,2528,11.2051161580031,2
"26163518000","Census Tract 5180; Wayne County; Michigan",1526,2280,878,387,401,350,264,2016,9.02217515978252,2
"26163518900","Census Tract 5189; Wayne County; Michigan",1016,2121,462,302,340,358,659,1462,6.53966180296561,1
"26163519000","Census Tract 5190; Wayne County; Michigan",636,1091,252,172,270,185,212,879,3.91671269959427,2
"26163519100","Census Tract 5191; Wayne County; Michigan",712,1037,210,173,263,215,176,861,3.83747447049136,2
"26163519200","Census Tract 5192; Wayne County; Michigan",832,1440,276,290,350,248,276,1164,5.2175938127829,3
"26163519300","Census Tract 5193; Wayne County; Michigan",699,1208,254,195,327,281,151,1057,4.70126031202825,2
"26163520200","Census Tract 5202; Wayne County; Michigan",1063,3650,3241,137,96,76,100,3550,15.7609737662443,2
"26163520300","Census Tract 5203; Wayne County; Michigan",1676,2622,1809,312,231,153,117,2505,11.1904788133678,3
"26163520400","Census Tract 5204; Wayne County; Michigan",1379,1940,906,333,228,116,357,1583,7.12086422704916,3
"26163520700","Census Tract 5207; Wayne County; Michigan",3303,3151,1776,466,412,413,84,3067,13.7080754499256,4
"26163520800","Census Tract 5208; Wayne County; Michigan",1079,1242,399,233,293,260,57,1185,5.2931381120244,1
"26163521100","Census Tract 5211; Wayne County; Michigan",841,1544,433,334,281,211,285,1259,5.67326846293162,2
"26163521400","Census Tract 5214; Wayne County; Michigan",978,1403,604,289,192,126,192,1211,5.45905328627071,2
"26163521500","Census Tract 5215; Wayne County; Michigan",705,1354,413,224,254,140,323,1031,4.6193054329311,2
"26163521800","Census Tract 5218; Wayne County; Michigan",901,1466,282,207,249,441,287,1179,5.25430824911296,1
"26163521900","Census Tract 5219; Wayne County; Michigan",1530,2943,1125,436,488,360,534,2409,10.7692491402903,5
"26163522000","Census Tract 5220; Wayne County; Michigan",915,1789,463,300,372,206,448,1341,6.00379737871533,2
"26163522300","Census Tract 5223; Wayne County; Michigan",1005,1193,257,192,368,165,211,982,4.36538182223373,3
"26163522400","Census Tract 5224; Wayne County; Michigan",519,924,262,141,168,43,310,614,2.7533171538213,1
"26163522500","Census Tract 5225; Wayne County; Michigan",1354,1442,263,247,383,288,261,1181,5.26461802995394,2
"26163522800","Census Tract 5228; Wayne County; Michigan",648,1186,293,242,248,130,273,913,4.10702236039492,2
"26163523100","Census Tract 5231; Wayne County; Michigan",575,1336,411,266,194,77,388,948,4.28549482523741,1
"26163523200","Census Tract 5232; Wayne County; Michigan",1157,3247,880,658,465,249,995,2252,10.1891771789813,3
"26163523300","Census Tract 5233; Wayne County; Michigan",1057,2914,801,589,421,212,891,2023,9.15197799868688,3
"26163523400","Census Tract 5234; Wayne County; Michigan",1260,2196,627,447,373,222,527,1669,7.52522160167163,2
"26163523800","Census Tract 5238; Wayne County; Michigan",1270,3759,1063,729,522,230,1215,2544,11.5063032041352,4
"26163524001","Census Tract 5240.01; Wayne County; Michigan",1013,2553,666,550,367,214,756,1797,8.14251462672165,3
"26163524101","Census Tract 5241.01; Wayne County; Michigan",1519,3730,897,714,607,365,1147,2583,11.6505838863629,2
"26163524200","Census Tract 5242; Wayne County; Michigan",1463,4366,1122,901,577,284,1482,2884,13.0813786589064,3
"26163524300","Census Tract 5243; Wayne County; Michigan",880,2626,672,555,382,167,850,1776,8.05124754760085,3
"26163524500","Census Tract 5245; Wayne County; Michigan",39,83,20,17,21,13,12,71,0.318081175983351,3
"26163524600","Census Tract 5246; Wayne County; Michigan",666,1401,328,266,280,142,385,1016,4.56816613484088,1
"26163524700","Census Tract 5247; Wayne County; Michigan",1858,3768,743,645,878,688,814,2954,13.1970901933793,3
"26163524800","Census Tract 5248; Wayne County; Michigan",1174,2586,536,466,527,429,628,1958,8.77691869068525,2
"26163525400","Census Tract 5254; Wayne County; Michigan",844,1795,413,288,395,216,483,1312,5.86508575716766,2
"26163525700","Census Tract 5257; Wayne County; Michigan",1483,4403,1057,956,606,287,1497,2906,13.1996646872466,4
"26163525800","Census Tract 5258; Wayne County; Michigan",640,1781,460,352,233,95,641,1140,5.16873578814557,2
"26163525900","Census Tract 5259; Wayne County; Michigan",962,2610,634,547,382,208,839,1771,8.02352136219323,3
"26163526000","Census Tract 5260; Wayne County; Michigan",965,3043,834,538,383,193,1095,1948,8.80328581041523,2
"26163526100","Census Tract 5261; Wayne County; Michigan",747,2753,741,468,284,186,1074,1679,7.59718474268202,2
"26163526200","Census Tract 5262; Wayne County; Michigan",875,3026,810,580,300,179,1157,1869,8.48923124826623,3
"26163526300","Census Tract 5263; Wayne County; Michigan",1106,3345,827,685,390,202,1241,2104,9.56246537081942,3
"26163526400","Census Tract 5264; Wayne County; Michigan",508,1417,363,265,205,131,453,964,4.35152881463936,2
"26163526500","Census Tract 5265; Wayne County; Michigan",969,1796,451,315,314,232,484,1312,5.89195087875235,2
"26163527900","Census Tract 5279; Wayne County; Michigan",1452,1835,421,368,357,240,449,1386,6.23674104882477,4
"26163530100","Census Tract 5301; Wayne County; Michigan",1389,2336,535,407,574,351,469,1867,8.34073450485069,2
"26163530200","Census Tract 5302; Wayne County; Michigan",1583,3546,1364,482,627,430,643,2903,12.9500254863823,3
"26163530300","Census Tract 5303; Wayne County; Michigan",780,1341,303,265,275,183,315,1026,4.61109461513951,3
"26163530400","Census Tract 5304; Wayne County; Michigan",782,1283,329,184,245,143,382,901,4.02617798151307,2
"26163530500","Census Tract 5305; Wayne County; Michigan",1177,2253,571,387,436,319,540,1713,7.67576784397678,2
"26163530800","Census Tract 5308; Wayne County; Michigan",1011,1394,333,231,310,218,302,1092,4.87919892034313,2
"26163530900","Census Tract 5309; Wayne County; Michigan",1273,1698,373,269,360,279,417,1281,5.72238648400587,3
"26163531100","Census Tract 5311; Wayne County; Michigan",774,946,231,159,282,113,161,785,3.49529276442414,1
"26163531200","Census Tract 5312; Wayne County; Michigan",1134,2242,593,430,433,337,449,1793,8.05023861125049,2
"26163531300","Census Tract 5313; Wayne County; Michigan",667,1153,253,190,277,173,260,893,3.98653998935051,1
"26163531400","Census Tract 5314; Wayne County; Michigan",891,1518,361,253,305,235,364,1154,5.16435740255838,2
"26163531501","Census Tract 5315.01; Wayne County; Michigan",860,1276,325,259,244,154,294,982,4.42029934523846,2
"26163531502","Census Tract 5315.02; Wayne County; Michigan",625,809,185,140,165,90,229,580,2.60083232550964,1
"26163531600","Census Tract 5316; Wayne County; Michigan",1015,1644,394,294,387,215,354,1290,5.77204633912361,2
"26163531700","Census Tract 5317; Wayne County; Michigan",1005,1645,369,246,373,259,398,1247,5.55939069606268,2
"26163531800","Census Tract 5318; Wayne County; Michigan",960,1500,349,255,322,201,373,1127,5.04417175925999,2
"26163531900","Census Tract 5319; Wayne County; Michigan",527,866,179,159,206,113,209,657,2.94237974457296,1
"26163532100","Census Tract 5321; Wayne County; Michigan",1160,2162,590,425,412,353,382,1780,7.99340851039163,2
"26163532400","Census Tract 5324; Wayne County; Michigan",959,1569,442,296,338,179,314,1255,5.62847584285533,1
"26163532600","Census Tract 5326; Wayne County; Michigan",1490,2068,627,337,454,315,335,1733,7.73734440781568,2
"26163532700","Census Tract 5327; Wayne County; Michigan",499,558,143,103,85,75,152,406,1.82797294960539,1
"26163533000","Census Tract 5330; Wayne County; Michigan",794,1426,322,223,348,238,295,1131,5.0402938000437,2
"26163533100","Census Tract 5331; Wayne County; Michigan",977,1388,311,207,244,293,333,1055,4.71264184176676,2
"26163533200","Census Tract 5332; Wayne County; Michigan",703,1104,292,164,209,174,265,839,3.74732341710695,2
"26163533300","Census Tract 5333; Wayne County; Michigan",761,1196,275,177,285,185,274,922,4.10675102689774,2
"26163533400","Census Tract 5334; Wayne County; Michigan",1468,2215,551,360,429,306,569,1646,7.368085110315,3
"26163533600","Census Tract 5336; Wayne County; Michigan",991,1390,302,275,279,179,355,1035,4.65516322785815,2
"26163533800","Census Tract 5338; Wayne County; Michigan",1184,1921,410,345,420,270,476,1445,6.47425731495182,4
"26163533900","Census Tract 5339; Wayne County; Michigan",2610,3356,1262,566,704,385,439,2917,13.040129565211,4
"26163534100","Census Tract 5341; Wayne County; Michigan",1127,1691,359,321,404,232,375,1316,5.89623544226999,2
"26163534200","Census Tract 5342; Wayne County; Michigan",1632,2991,670,519,608,460,734,2257,10.1099353112854,3
"26163534300","Census Tract 5343; Wayne County; Michigan",676,1087,283,194,207,136,267,820,3.67953901194835,1
"26163534400","Census Tract 5344; Wayne County; Michigan",874,1474,348,251,328,208,339,1135,5.07628999408062,2
"26163534700","Census Tract 5347; Wayne County; Michigan",1463,3056,669,521,594,430,842,2214,9.92435423925792,3
"26163534800","Census Tract 5348; Wayne County; Michigan",1194,2205,471,427,406,337,564,1641,7.38077372590589,3
"26163535000","Census Tract 5350; Wayne County; Michigan",1241,2411,561,449,464,334,603,1808,8.12023824199036,3
"26163535100","Census Tract 5351; Wayne County; Michigan",819,1717,439,295,311,222,450,1267,5.68415404998372,2
"26163535200","Census Tract 5352; Wayne County; Michigan",1057,2019,517,387,344,268,503,1516,6.82248249940727,2
"26163535300","Census Tract 5353; Wayne County; Michigan",1629,3950,914,711,667,570,1088,2862,12.8646024769253,3
"26163535600","Census Tract 5356; Wayne County; Michigan",1613,3727,816,614,740,726,831,2896,12.9488495867562,4
"26163535700","Census Tract 5357; Wayne County; Michigan",621,1313,284,223,214,176,416,897,4.03128241178356,1
"26163535800","Census Tract 5358; Wayne County; Michigan",1864,3944,890,702,814,560,978,2966,13.2945478190993,5
"26163536100","Census Tract 5361; Wayne County; Michigan",1763,3327,788,530,545,554,910,2417,10.8308695172764,3
"26163536200","Census Tract 5362; Wayne County; Michigan",878,2165,487,376,384,298,620,1545,6.93707992499596,2
"26163536300","Census Tract 5363; Wayne County; Michigan",1365,2736,715,464,473,345,739,1997,8.96202004716145,3
"26163536400","Census Tract 5364; Wayne County; Michigan",1242,2145,462,382,446,319,536,1609,7.21115168589012,3
"26163536500","Census Tract 5365; Wayne County; Michigan",1126,2097,488,400,390,319,500,1597,7.17675903071836,2
"26163536600","Census Tract 5366; Wayne County; Michigan",1404,2535,530,472,529,374,630,1905,8.54716033661814,2
"26163536700","Census Tract 5367; Wayne County; Michigan",575,1055,226,180,205,194,250,805,3.60430436499283,1
"26163536800","Census Tract 5368; Wayne County; Michigan",735,1667,398,301,254,201,513,1154,5.19798075588896,1
"26163536900","Census Tract 5369; Wayne County; Michigan",1384,3374,796,613,592,417,956,2418,10.8723449418641,2
"26163537000","Census Tract 5370; Wayne County; Michigan",1497,3334,810,549,541,481,953,2381,10.6844436548893,3
"26163537100","Census Tract 5371; Wayne County; Michigan",972,1946,443,393,352,244,514,1432,6.45305994944857,2
"26163537200","Census Tract 5372; Wayne County; Michigan",350,583,122,131,126,71,133,450,2.02889008554115,1
"26163537300","Census Tract 5373; Wayne County; Michigan",1069,1987,433,385,397,296,476,1511,6.78859043630415,3
"26163537500","Census Tract 5375; Wayne County; Michigan",1170,2714,643,477,473,395,726,1988,8.92622663680156,3
"26163537600","Census Tract 5376; Wayne County; Michigan",1418,3365,756,587,653,526,843,2522,11.3045995685894,3
"26163537700","Census Tract 5377; Wayne County; Michigan",1420,2874,710,512,555,388,709,2165,9.71199979654642,3
"26163537800","Census Tract 5378; Wayne County; Michigan",734,1545,380,292,266,187,420,1125,5.0637288972277,2
"26163538100","Census Tract 5381; Wayne County; Michigan",1020,2136,425,393,481,504,333,1803,8.06094158535478,2
"26163538200","Census Tract 5382; Wayne County; Michigan",769,1972,322,363,418,521,348,1624,7.26483168852823,2
"26163538300","Census Tract 5383; Wayne County; Michigan",1738,2162,595,371,544,262,390,1772,7.91223818029229,2
"26163538400","Census Tract 5384; Wayne County; Michigan",1378,3330,698,619,677,713,623,2707,12.1264798577802,2
"26163538500","Census Tract 5385; Wayne County; Michigan",2401,5184,1260,900,944,839,1241,3943,17.6788152260359,4
"26163538600","Census Tract 5386; Wayne County; Michigan",1958,4758,1097,828,943,751,1139,3619,16.2140277204398,4
"26163538700","Census Tract 5387; Wayne County; Michigan",1706,3823,815,650,678,768,912,2911,13.0418583734107,2
"26163538800","Census Tract 5388; Wayne County; Michigan",678,1549,365,265,321,268,330,1219,5.45352959215759,1
"26163538900","Census Tract 5389; Wayne County; Michigan",1618,3465,783,576,682,745,679,2786,12.4533973253029,2
"26163539000","Census Tract 5390; Wayne County; Michigan",1217,2769,608,524,529,400,708,2061,9.26150066928857,2
"26163539100","Census Tract 5391; Wayne County; Michigan",804,1788,391,298,351,322,426,1362,6.09460467603024,1
"26163539200","Census Tract 5392; Wayne County; Michigan",2313,4863,976,868,1062,1002,955,3908,17.4801899013964,3
"26163539300","Census Tract 5393; Wayne County; Michigan",1586,3793,788,700,771,686,848,2945,13.2029671874642,2
"26163539400","Census Tract 5394; Wayne County; Michigan",1434,3707,838,630,663,688,888,2819,12.631181584385,3
"26163539500","Census Tract 5395; Wayne County; Michigan",1355,2921,519,516,563,781,542,2379,10.6428964330359,3
"26163539600","Census Tract 5396; Wayne County; Michigan",1317,3197,720,564,614,541,758,2439,10.9325767949,2
"26163539700","Census Tract 5397; Wayne County; Michigan",1020,2072,424,338,449,464,397,1675,7.47552333771268,1
"26163540100","Census Tract 5401; Wayne County; Michigan",1397,3201,745,538,557,521,840,2361,10.5860254526775,3
"26163540200","Census Tract 5402; Wayne County; Michigan",1476,3183,826,524,588,384,861,2322,10.4069853109098,3
"26163540300","Census Tract 5403; Wayne County; Michigan",1608,3746,883,614,642,631,976,2770,12.4128735388752,3
"26163540400","Census Tract 5404; Wayne County; Michigan",1252,2632,588,458,543,437,606,2026,9.07089929031384,2
"26163540500","Census Tract 5405; Wayne County; Michigan",1389,3466,748,660,610,545,903,2563,11.5279382052021,3
"26163540600","Census Tract 5406; Wayne County; Michigan",1371,3274,720,584,560,552,858,2416,10.8496044378337,2
"26163540700","Census Tract 5407; Wayne County; Michigan",1313,3193,776,607,556,461,793,2400,10.794407966042,3
"26163540800","Census Tract 5408; Wayne County; Michigan",920,2110,464,414,389,360,483,1627,7.31466955060989,2
"26163540900","Census Tract 5409; Wayne County; Michigan",1439,3420,729,600,642,670,779,2641,11.8334079038783,3
"26163541000","Census Tract 5410; Wayne County; Michigan",1732,3775,867,635,641,586,1046,2729,12.2435157221581,3
"26163541100","Census Tract 5411; Wayne County; Michigan",1238,2921,736,539,475,316,855,2066,9.30419995115708,2
"26163541200","Census Tract 5412; Wayne County; Michigan",1124,2046,535,356,441,231,483,1563,6.99979118857554,2
"26163541300","Census Tract 5413; Wayne County; Michigan",1119,2664,710,540,463,207,744,1920,8.66519841506559,2
"26163541400","Census Tract 5414; Wayne County; Michigan",1185,2642,603,448,582,392,617,2025,9.05657993131584,3
"26163541500","Census Tract 5415; Wayne County; Michigan",1794,3625,795,621,768,713,728,2897,12.952113257981,2
"26163541700","Census Tract 5417; Wayne County; Michigan",1524,2538,635,485,489,445,484,2054,9.21718166317796,3
"26163541800","Census Tract 5418; Wayne County; Michigan",1267,2533,587,481,510,388,567,1966,8.82434629140637,2
"26163542100","Census Tract 5421; Wayne County; Michigan",1957,4547,985,884,804,746,1128,3419,15.3807278897657,2
"26163542200","Census Tract 5422; Wayne County; Michigan",1637,3644,811,665,619,660,889,2755,12.3737358516074,2
"26163542300","Census Tract 5423; Wayne County; Michigan",1046,2255,578,435,429,298,515,1740,7.82039793736151,2
"26163542400","Census Tract 5424; Wayne County; Michigan",1112,2651,644,510,390,379,728,1923,8.66993935085844,2
"26163542500","Census Tract 5425; Wayne County; Michigan",1032,2475,571,442,493,466,503,1972,8.83199217428139,2
"26163542600","Census Tract 5426; Wayne County; Michigan",1376,3168,744,585,521,493,825,2343,10.5365095236075,2
"26163542900","Census Tract 5429; Wayne County; Michigan",1362,3319,717,609,683,673,637,2682,12.0116671056366,3
"26163543000","Census Tract 5430; Wayne County; Michigan",709,1778,349,311,343,410,365,1413,6.32424473814182,2
"26163543100","Census Tract 5431; Wayne County; Michigan",966,2455,487,427,489,512,540,1915,8.57122180146541,2
"26163543200","Census Tract 5432; Wayne County; Michigan",1187,3008,739,587,524,441,717,2291,10.3089573570861,3
"26163543300","Census Tract 5433; Wayne County; Michigan",1412,3315,753,600,592,571,799,2516,11.2933439172256,4
"26163543400","Census Tract 5434; Wayne County; Michigan",1386,3132,711,591,588,454,788,2344,10.5333591838969,3
"26163543500","Census Tract 5435; Wayne County; Michigan",542,1210,319,212,183,108,388,822,3.70254261485028,1
"26163543700","Census Tract 5437; Wayne County; Michigan",703,1785,441,329,274,113,628,1157,5.22481380978743,2
"26163543900","Census Tract 5439; Wayne County; Michigan",487,785,219,132,193,57,184,601,2.68633725470432,1
"26163544000","Census Tract 5440; Wayne County; Michigan",1250,2534,694,473,568,250,549,1985,8.90009979263822,1
"26163544100","Census Tract 5441; Wayne County; Michigan",1059,2222,630,430,350,210,602,1620,7.30485540398166,2
"26163544200","Census Tract 5442; Wayne County; Michigan",1103,2005,440,311,366,371,517,1488,6.65379776697622,2
"26163544300","Census Tract 5443; Wayne County; Michigan",1320,2428,561,490,496,248,633,1795,8.08018831103782,2
"26163544800","Census Tract 5448; Wayne County; Michigan",886,1775,423,372,334,160,486,1289,5.81683920583502,2
"26163545100","Census Tract 5451; Wayne County; Michigan",530,1026,246,196,181,130,273,753,3.38884349302801,2
"26163545200","Census Tract 5452; Wayne County; Michigan",1234,2641,620,537,396,347,741,1900,8.58130678668704,4
"26163545500","Census Tract 5455; Wayne County; Michigan",1543,3878,993,716,576,305,1288,2590,11.6907296392678,3
"26163545600","Census Tract 5456; Wayne County; Michigan",1684,5319,1384,900,706,336,1993,3326,15.0120854906093,3
"26163545700","Census Tract 5457; Wayne County; Michigan",1106,2925,751,584,428,224,938,1987,8.98842948270715,2
"26163545800","Census Tract 5458; Wayne County; Michigan",1859,5518,1405,1084,698,321,2010,3508,15.907791860739,3
"26163545900","Census Tract 5459; Wayne County; Michigan",1637,3758,1018,681,592,239,1228,2530,11.4083407805043,2
"26163546000","Census Tract 5460; Wayne County; Michigan",1464,2925,748,554,450,256,917,2008,9.06170721108185,2
"26163546100","Census Tract 5461; Wayne County; Michigan",1626,3952,1021,687,646,291,1307,2645,11.9083043033866,2
"26163546201","Census Tract 5462.01; Wayne County; Michigan",1245,3067,773,645,540,256,853,2214,10.0008618911627,2
"26163546301","Census Tract 5463.01; Wayne County; Michigan",720,1792,408,345,366,215,458,1334,5.99499730819779,1
"26163546600","Census Tract 5466; Wayne County; Michigan",873,1996,525,349,354,179,589,1407,6.32381183883376,2
"26163546700","Census Tract 5467; Wayne County; Michigan",1299,2816,718,481,529,363,725,2091,9.37537385566141,2
"26163547000","Census Tract 5470; Wayne County; Michigan",1730,3512,753,595,679,559,926,2586,11.5856243069623,3
"26163547100","Census Tract 5471; Wayne County; Michigan",2183,4714,1220,828,769,494,1403,3311,14.893068486889,4
"26163547200","Census Tract 5472; Wayne County; Michigan",1737,3982,981,620,635,517,1229,2753,12.3466665421429,4
"26163985100","Census Tract 9851; Wayne County; Michigan",127,154,81,33,16,6,18,136,0.614691350545718,1
"26163985300","Census Tract 9853; Wayne County; Michigan",246,220,120,50,31,7,12,208,0.938803597673059,1
